trip_id,trip_type,direction,service_date,cluster_id,requested_wave_dt,requested_wave_label,earliest_start_dt,latest_start_dt,planned_start_dt,planned_end_dt,trip_duration_min,route_distance_km,stop_count,peak_load,assigned_passengers,occupancy_pct,store_sequence,store_passenger_plan,stop_data_json,rescued_by_delay,rotation_tag
NEW_0001,OUT,OUT,2026-04-12,0,2026-04-12 00:00:00,2026-04-12 00:00,2026-04-12 00:00:00,2026-04-12 00:40:00,2026-04-12 00:00:00,2026-04-12 02:47:37.800,167.63,87.168,6,14,14,63.64,KFC - Abo Helifa -> BR - Al Mangaf -> KFC - Al Bairak Mall -> BR - Al Bairak Mall -> Hardees - Al Qureen -> KFC - Om El Himan,KFC - Abo Helifa (1) | BR - Al Mangaf (1) | KFC - Al Bairak Mall (4) | BR - Al Bairak Mall (2) | Hardees - Al Qureen (1) | KFC - Om El Himan (5),"[{""store_id"": 11127760, ""store_name"": ""KFC - Abo Helifa"", ""latitude"": 29.1339, ""longitude"": 48.1324, ""cluster_id"": 0, ""wave_dt"": ""2026-04-12 00:00:00"", ""allocated_passengers"": 1}, {""store_id"": 11228450, ""store_name"": ""BR - Al Mangaf"", ""latitude"": 29.10443, ""longitude"": 48.12539262, ""cluster_id"": 0, ""wave_dt"": ""2026-04-12 00:00:00"", ""allocated_passengers"": 1}, {""store_id"": 11127230, ""store_name"": ""KFC - Al Bairak Mall"", ""latitude"": 29.1734, ""longitude"": 48.099, ""cluster_id"": 3, ""wave_dt"": ""2026-04-12 00:00:00"", ""allocated_passengers"": 4}, {""store_id"": 11227230, ""store_name"": ""BR - Al Bairak Mall"", ""latitude"": 29.1735, ""longitude"": 48.09851, ""cluster_id"": 3, ""wave_dt"": ""2026-04-12 00:00:00"", ""allocated_passengers"": 2}, {""store_id"": 11147850, ""store_name"": ""Hardees - Al Qureen"", ""latitude"": 29.236563, ""longitude"": 48.064671, ""cluster_id"": 3, ""wave_dt"": ""2026-04-12 00:00:00"", ""allocated_passengers"": 1}, {""store_id"": 11127470, ""store_name"": ""KFC - Om El Himan"", ""latitude"": 28.962943, ""longitude"": 48.161436, ""cluster_id"": 5, ""wave_dt"": ""2026-04-12 00:00:00"", ""allocated_passengers"": 5}]",False,morning
NEW_0002,OUT,OUT,2026-04-12,3,2026-04-12 01:00:00,2026-04-12 01:00,2026-04-12 01:00:00,2026-04-12 01:40:00,2026-04-12 01:30:00,2026-04-12 03:00:25.200,90.42,38.263,6,15,15,68.18,KFC - Augiela 2 -> Hardees - Al Qureen 2 -> KFC - Qureen -> TGIF - The Lake Mall -> KFC - Village -> Hardees - Sabah Al Salem Block,KFC - Augiela 2 (1) | Hardees - Al Qureen 2 (2) | KFC - Qureen (1) | TGIF - The Lake Mall (9) | KFC - Village (1) | Hardees - Sabah Al Salem Block (1),"[{""store_id"": 11128270, ""store_name"": ""KFC - Augiela 2"", ""latitude"": 29.172702, ""longitude"": 48.095099, ""cluster_id"": 3, ""wave_dt"": ""2026-04-12 01:00:00"", ""allocated_passengers"": 1}, {""store_id"": 11147870, ""store_name"": ""Hardees - Al Qureen 2"", ""latitude"": 29.204344, ""longitude"": 48.077731, ""cluster_id"": 3, ""wave_dt"": ""2026-04-12 01:00:00"", ""allocated_passengers"": 2}, {""store_id"": 11127850, ""store_name"": ""KFC - Qureen"", ""latitude"": 29.2155, ""longitude"": 48.0742, ""cluster_id"": 3, ""wave_dt"": ""2026-04-12 01:00:00"", ""allocated_passengers"": 1}, {""store_id"": 11187030, ""store_name"": ""TGIF - The Lake Mall"", ""latitude"": 29.216, ""longitude"": 48.1032, ""cluster_id"": 3, ""wave_dt"": ""2026-04-12 01:00:00"", ""allocated_passengers"": 9}, {""store_id"": 11128200, ""store_name"": ""KFC - Village"", ""latitude"": 29.212059, ""longitude"": 48.10428, ""cluster_id"": 3, ""wave_dt"": ""2026-04-12 01:00:00"", ""allocated_passengers"": 1}, {""store_id"": 11148490, ""store_name"": ""Hardees - Sabah Al Salem Block"", ""latitude"": 29.26592249, ""longitude"": 48.07889889, ""cluster_id"": 3, ""wave_dt"": ""2026-04-12 01:00:00"", ""allocated_passengers"": 1}]",False,morning
NEW_0003,OUT,OUT,2026-04-12,0,2026-04-12 01:00:00,2026-04-12 01:00,2026-04-12 01:00:00,2026-04-12 01:40:00,2026-04-12 01:30:00,2026-04-12 03:26:02.400,116.04,54.49,6,20,20,90.91,TGIF - Abu Halifa -> KFC - Fahd Al Ahmad -> KFC - Mangaf 2 -> TGIF - Al Kout Mall -> KFC - Al Kout Mall -> Hardees - Sabah Al Salem,TGIF - Abu Halifa (2) | KFC - Fahd Al Ahmad (2) | KFC - Mangaf 2 (1) | TGIF - Al Kout Mall (6) | KFC - Al Kout Mall (3) | Hardees - Sabah Al Salem (6),"[{""store_id"": 11187760, ""store_name"": ""TGIF - Abu Halifa"", ""latitude"": 29.154, ""longitude"": 48.1249, ""cluster_id"": 0, ""wave_dt"": ""2026-04-12 01:00:00"", ""allocated_passengers"": 2}, {""store_id"": 11127930, ""store_name"": ""KFC - Fahd Al Ahmad"", ""latitude"": 29.134423, ""longitude"": 48.107656, ""cluster_id"": 0, ""wave_dt"": ""2026-04-12 01:00:00"", ""allocated_passengers"": 2}, {""store_id"": 11128400, ""store_name"": ""KFC - Mangaf 2"", ""latitude"": 29.10458661, ""longitude"": 48.12479592, ""cluster_id"": 0, ""wave_dt"": ""2026-04-12 01:00:00"", ""allocated_passengers"": 1}, {""store_id"": 11188220, ""store_name"": ""TGIF - Al Kout Mall"", ""latitude"": 29.0791, ""longitude"": 48.1396, ""cluster_id"": 0, ""wave_dt"": ""2026-04-12 01:00:00"", ""allocated_passengers"": 6}, {""store_id"": 11128220, ""store_name"": ""KFC - Al Kout Mall"", ""latitude"": 29.078084, ""longitude"": 48.139116, ""cluster_id"": 0, ""wave_dt"": ""2026-04-12 01:00:00"", ""allocated_passengers"": 3}, {""store_id"": 11147830, ""store_name"": ""Hardees - Sabah Al Salem"", ""latitude"": 29.256562, ""longitude"": 48.052294, ""cluster_id"": 3, ""wave_dt"": ""2026-04-12 01:00:00"", ""allocated_passengers"": 6}]",False,morning
NEW_0004,OUT,OUT,2026-04-12,5,2026-04-12 01:00:00,2026-04-12 01:00,2026-04-12 01:00:00,2026-04-12 02:40:00,2026-04-12 02:30:00,2026-04-12 06:14:37.200,224.62,135.929,2,7,7,31.82,KFC - Om El Himan -> KFC - Khiran Outlet,KFC - Om El Himan (3) | KFC - Khiran Outlet (4),"[{""store_id"": 11127470, ""store_name"": ""KFC - Om El Himan"", ""latitude"": 28.962943, ""longitude"": 48.161436, ""cluster_id"": 5, ""wave_dt"": ""2026-04-12 01:00:00"", ""allocated_passengers"": 3}, {""store_id"": 11128420, ""store_name"": ""KFC - Khiran Outlet"", ""latitude"": 28.67162738, ""longitude"": 48.34640886, ""cluster_id"": 4, ""wave_dt"": ""2026-04-12 02:00:00"", ""allocated_passengers"": 4}]",False,morning
NEW_0007,OUT,OUT,2026-04-12,0,2026-04-12 03:00:00,2026-04-12 03:00,2026-04-12 03:00:00,2026-04-12 03:40:00,2026-04-12 03:00:00,2026-04-12 03:44:02.400,44.04,8.894,6,20,20,90.91,Wimpy - Abu Halifa -> Hardees - Al Fintas -> KFC - Al Mahboola -> Hardees - Fahd El Ahmed -> KFC - Fahd Al Ahmad -> KFC - Alreqa,Wimpy - Abu Halifa (5) | Hardees - Al Fintas (3) | KFC - Al Mahboola (3) | Hardees - Fahd El Ahmed (1) | KFC - Fahd Al Ahmad (2) | KFC - Alreqa (6),"[{""store_id"": 11118300, ""store_name"": ""Wimpy - Abu Halifa"", ""latitude"": 29.15414054, ""longitude"": 48.12480344, ""cluster_id"": 0, ""wave_dt"": ""2026-04-12 03:00:00"", ""allocated_passengers"": 5}, {""store_id"": 11147780, ""store_name"": ""Hardees - Al Fintas"", ""latitude"": 29.143241, ""longitude"": 48.129412, ""cluster_id"": 0, ""wave_dt"": ""2026-04-12 03:00:00"", ""allocated_passengers"": 3}, {""store_id"": 11127780, ""store_name"": ""KFC - Al Mahboola"", ""latitude"": 29.137847, ""longitude"": 48.124191, ""cluster_id"": 0, ""wave_dt"": ""2026-04-12 03:00:00"", ""allocated_passengers"": 3}, {""store_id"": 11147930, ""store_name"": ""Hardees - Fahd El Ahmed"", ""latitude"": 29.134419, ""longitude"": 48.107682, ""cluster_id"": 0, ""wave_dt"": ""2026-04-12 03:00:00"", ""allocated_passengers"": 1}, {""store_id"": 11127930, ""store_name"": ""KFC - Fahd Al Ahmad"", ""latitude"": 29.134423, ""longitude"": 48.107656, ""cluster_id"": 0, ""wave_dt"": ""2026-04-12 03:00:00"", ""allocated_passengers"": 2}, {""store_id"": 11127730, ""store_name"": ""KFC - Alreqa"", ""latitude"": 29.1431, ""longitude"": 48.1019, ""cluster_id"": 0, ""wave_dt"": ""2026-04-12 03:00:00"", ""allocated_passengers"": 6}]",False,morning
NEW_0011,OUT,OUT,2026-04-12,3,2026-04-12 03:00:00,2026-04-12 03:00,2026-04-12 03:00:00,2026-04-12 03:40:00,2026-04-12 03:00:00,2026-04-12 04:21:06.600,81.11,32.37,6,14,14,63.64,Hardees - Al Qureen 2 -> Tikka - Qurain -> Hardees - Qurain Markets -> Hardees - Al Qureen -> KFC - Adan -> Hardees - Adan,Hardees - Al Qureen 2 (3) | Tikka - Qurain (4) | Hardees - Qurain Markets (1) | Hardees - Al Qureen (2) | KFC - Adan (2) | Hardees - Adan (2),"[{""store_id"": 11147870, ""store_name"": ""Hardees - Al Qureen 2"", ""latitude"": 29.204344, ""longitude"": 48.077731, ""cluster_id"": 3, ""wave_dt"": ""2026-04-12 03:00:00"", ""allocated_passengers"": 3}, {""store_id"": 11137870, ""store_name"": ""Tikka - Qurain"", ""latitude"": 29.20443, ""longitude"": 48.077741, ""cluster_id"": 3, ""wave_dt"": ""2026-04-12 03:00:00"", ""allocated_passengers"": 4}, {""store_id"": 11148480, ""store_name"": ""Hardees - Qurain Markets"", ""latitude"": 29.1973848, ""longitude"": 48.04665118, ""cluster_id"": 3, ""wave_dt"": ""2026-04-12 03:00:00"", ""allocated_passengers"": 1}, {""store_id"": 11147850, ""store_name"": ""Hardees - Al Qureen"", ""latitude"": 29.236563, ""longitude"": 48.064671, ""cluster_id"": 3, ""wave_dt"": ""2026-04-12 03:00:00"", ""allocated_passengers"": 2}, {""store_id"": 11128020, ""store_name"": ""KFC - Adan"", ""latitude"": 29.235456, ""longitude"": 48.079627, ""cluster_id"": 3, ""wave_dt"": ""2026-04-12 03:00:00"", ""allocated_passengers"": 2}, {""store_id"": 11148020, ""store_name"": ""Hardees - Adan"", ""latitude"": 29.235634, ""longitude"": 48.079666, ""cluster_id"": 3, ""wave_dt"": ""2026-04-12 03:00:00"", ""allocated_passengers"": 2}]",False,morning
NEW_0006,OUT,OUT,2026-04-12,3,2026-04-12 03:00:00,2026-04-12 03:00,2026-04-12 03:00:00,2026-04-12 03:40:00,2026-04-12 03:15:00,2026-04-12 04:23:14.400,68.24,24.217,6,17,17,77.27,KFC - Augiela 2 -> Hardees - Augiela 2 -> KFC Mubarek El-Kaber(Qurain 2) -> KFC - Al Zahr -> Hardees - Al Zahr -> Krispy Kreme - Aswaq Al Qurain,KFC - Augiela 2 (1) | Hardees - Augiela 2 (2) | KFC Mubarek El-Kaber(Qurain 2) (5) | KFC - Al Zahr (6) | Hardees - Al Zahr (2) | Krispy Kreme - Aswaq Al Qurain (1),"[{""store_id"": 11128270, ""store_name"": ""KFC - Augiela 2"", ""latitude"": 29.172702, ""longitude"": 48.095099, ""cluster_id"": 3, ""wave_dt"": ""2026-04-12 03:00:00"", ""allocated_passengers"": 1}, {""store_id"": 11148270, ""store_name"": ""Hardees - Augiela 2"", ""latitude"": 29.172656, ""longitude"": 48.094883, ""cluster_id"": 3, ""wave_dt"": ""2026-04-12 03:00:00"", ""allocated_passengers"": 2}, {""store_id"": 11127870, ""store_name"": ""KFC Mubarek El-Kaber(Qurain 2)"", ""latitude"": 29.1886, ""longitude"": 48.0798, ""cluster_id"": 3, ""wave_dt"": ""2026-04-12 03:00:00"", ""allocated_passengers"": 5}, {""store_id"": 11127770, ""store_name"": ""KFC - Al Zahr"", ""latitude"": 29.168629, ""longitude"": 48.063945, ""cluster_id"": 3, ""wave_dt"": ""2026-04-12 03:00:00"", ""allocated_passengers"": 6}, {""store_id"": 11147770, ""store_name"": ""Hardees - Al Zahr"", ""latitude"": 29.168466, ""longitude"": 48.063947, ""cluster_id"": 3, ""wave_dt"": ""2026-04-12 03:00:00"", ""allocated_passengers"": 2}, {""store_id"": 11198740, ""store_name"": ""Krispy Kreme - Aswaq Al Qurain"", ""latitude"": 29.19731427, ""longitude"": 48.05369702, ""cluster_id"": 3, ""wave_dt"": ""2026-04-12 03:00:00"", ""allocated_passengers"": 1}]",False,morning
NEW_0005,OUT,OUT,2026-04-12,5,2026-04-12 03:00:00,2026-04-12 03:00,2026-04-12 03:00:00,2026-04-12 03:40:00,2026-04-12 03:30:00,2026-04-12 06:39:43.800,189.73,101.163,6,19,19,86.36,Hardees - Om El Himan -> KFC - Om El Himan -> KFC - Sabah Al Ahmad 2 -> Hardees - Sabah Al Ahmed -> BR - Sabah Al Ahmed Coop -> Krispy Kreme - Sabah Al Ahmed,Hardees - Om El Himan (1) | KFC - Om El Himan (4) | KFC - Sabah Al Ahmad 2 (7) | Hardees - Sabah Al Ahmed (4) | BR - Sabah Al Ahmed Coop (2) | Krispy Kreme - Sabah Al Ahmed (1),"[{""store_id"": 11147470, ""store_name"": ""Hardees - Om El Himan"", ""latitude"": 28.963033, ""longitude"": 48.16152, ""cluster_id"": 5, ""wave_dt"": ""2026-04-12 03:00:00"", ""allocated_passengers"": 1}, {""store_id"": 11127470, ""store_name"": ""KFC - Om El Himan"", ""latitude"": 28.962943, ""longitude"": 48.161436, ""cluster_id"": 5, ""wave_dt"": ""2026-04-12 03:00:00"", ""allocated_passengers"": 4}, {""store_id"": 11128370, ""store_name"": ""KFC - Sabah Al Ahmad 2"", ""latitude"": 28.79203867, ""longitude"": 48.05321903, ""cluster_id"": 1, ""wave_dt"": ""2026-04-12 03:00:00"", ""allocated_passengers"": 7}, {""store_id"": 11148410, ""store_name"": ""Hardees - Sabah Al Ahmed"", ""latitude"": 28.792, ""longitude"": 48.053, ""cluster_id"": 1, ""wave_dt"": ""2026-04-12 03:00:00"", ""allocated_passengers"": 4}, {""store_id"": 11228110, ""store_name"": ""BR - Sabah Al Ahmed Coop"", ""latitude"": 28.78064934, ""longitude"": 48.04057647, ""cluster_id"": 1, ""wave_dt"": ""2026-04-12 03:00:00"", ""allocated_passengers"": 2}, {""store_id"": 11198000, ""store_name"": ""Krispy Kreme - Sabah Al Ahmed"", ""latitude"": 28.78067, ""longitude"": 48.04054, ""cluster_id"": 1, ""wave_dt"": ""2026-04-12 03:00:00"", ""allocated_passengers"": 1}]",False,morning
NEW_0008,OUT,OUT,2026-04-12,3,2026-04-12 03:00:00,2026-04-12 03:00,2026-04-12 03:00:00,2026-04-12 03:40:00,2026-04-12 03:30:00,2026-04-12 04:31:34.200,61.57,19.996,6,11,11,50.0,Krispy Kreme - Gate Mall -> BR - The Gate Mall -> KFC - Loft Fintas -> KFC - Village -> Hardees - Village -> Krispy Kreme - Divonne,Krispy Kreme - Gate Mall (1) | BR - The Gate Mall (1) | KFC - Loft Fintas (5) | KFC - Village (2) | Hardees - Village (1) | Krispy Kreme - Divonne (1),"[{""store_id"": 11198090, ""store_name"": ""Krispy Kreme - Gate Mall"", ""latitude"": 29.17496742, ""longitude"": 48.09889966, ""cluster_id"": 3, ""wave_dt"": ""2026-04-12 03:00:00"", ""allocated_passengers"": 1}, {""store_id"": 11228000, ""store_name"": ""BR - The Gate Mall"", ""latitude"": 29.17500489, ""longitude"": 48.09886211, ""cluster_id"": 3, ""wave_dt"": ""2026-04-12 03:00:00"", ""allocated_passengers"": 1}, {""store_id"": 11128570, ""store_name"": ""KFC - Loft Fintas"", ""latitude"": 29.18125495, ""longitude"": 48.11705636, ""cluster_id"": 3, ""wave_dt"": ""2026-04-12 03:00:00"", ""allocated_passengers"": 5}, {""store_id"": 11128200, ""store_name"": ""KFC - Village"", ""latitude"": 29.212059, ""longitude"": 48.10428, ""cluster_id"": 3, ""wave_dt"": ""2026-04-12 03:00:00"", ""allocated_passengers"": 2}, {""store_id"": 11148160, ""store_name"": ""Hardees - Village"", ""latitude"": 29.21224, ""longitude"": 48.104247, ""cluster_id"": 3, ""wave_dt"": ""2026-04-12 03:00:00"", ""allocated_passengers"": 1}, {""store_id"": 11198770, ""store_name"": ""Krispy Kreme - Divonne"", ""latitude"": 29.21343689, ""longitude"": 48.10417093, ""cluster_id"": 3, ""wave_dt"": ""2026-04-12 03:00:00"", ""allocated_passengers"": 1}]",False,morning
NEW_0009,OUT,OUT,2026-04-12,0,2026-04-12 03:00:00,2026-04-12 03:00,2026-04-12 03:00:00,2026-04-12 03:40:00,2026-04-12 03:30:00,2026-04-12 04:33:35.400,63.59,21.271,6,14,14,63.64,Hardees - Al Sbahiya -> KFC - Mangaf 2 -> Krispy Kreme - Fintas Co -> KFC - Al Mangaf -> KFC - Fahaheel -> Krispy Kreme - Fahaheel,Hardees - Al Sbahiya (2) | KFC - Mangaf 2 (5) | Krispy Kreme - Fintas Co (1) | KFC - Al Mangaf (2) | KFC - Fahaheel (3) | Krispy Kreme - Fahaheel (1),"[{""store_id"": 11147740, ""store_name"": ""Hardees - Al Sbahiya"", ""latitude"": 29.109567, ""longitude"": 48.108588, ""cluster_id"": 0, ""wave_dt"": ""2026-04-12 03:00:00"", ""allocated_passengers"": 2}, {""store_id"": 11128400, ""store_name"": ""KFC - Mangaf 2"", ""latitude"": 29.10458661, ""longitude"": 48.12479592, ""cluster_id"": 0, ""wave_dt"": ""2026-04-12 03:00:00"", ""allocated_passengers"": 5}, {""store_id"": 11197110, ""store_name"": ""Krispy Kreme - Fintas Co"", ""latitude"": 29.108554, ""longitude"": 48.133594, ""cluster_id"": 0, ""wave_dt"": ""2026-04-12 03:00:00"", ""allocated_passengers"": 1}, {""store_id"": 11127960, ""store_name"": ""KFC - Al Mangaf"", ""latitude"": 29.099227, ""longitude"": 48.134147, ""cluster_id"": 0, ""wave_dt"": ""2026-04-12 03:00:00"", ""allocated_passengers"": 2}, {""store_id"": 11127750, ""store_name"": ""KFC - Fahaheel"", ""latitude"": 29.0782, ""longitude"": 48.1354, ""cluster_id"": 0, ""wave_dt"": ""2026-04-12 03:00:00"", ""allocated_passengers"": 3}, {""store_id"": 11198750, ""store_name"": ""Krispy Kreme - Fahaheel"", ""latitude"": 29.07812165, ""longitude"": 48.13541496, ""cluster_id"": 0, ""wave_dt"": ""2026-04-12 03:00:00"", ""allocated_passengers"": 1}]",False,morning
NEW_0010,OUT,OUT,2026-04-12,0,2026-04-12 03:00:00,2026-04-12 03:00,2026-04-12 03:00:00,2026-04-12 03:40:00,2026-04-12 03:30:00,2026-04-12 05:11:29.400,101.49,45.277,6,11,11,50.0,KFC - Abo Helifa -> Hardees - Al Fahaheel -> BR - Kout Mall -> KFC - Al Ahmadi -> Hardees - Al Ahmadi -> Wimpy - Divonne Complex,KFC - Abo Helifa (4) | Hardees - Al Fahaheel (1) | BR - Kout Mall (1) | KFC - Al Ahmadi (2) | Hardees - Al Ahmadi (2) | Wimpy - Divonne Complex (1),"[{""store_id"": 11127760, ""store_name"": ""KFC - Abo Helifa"", ""latitude"": 29.1339, ""longitude"": 48.1324, ""cluster_id"": 0, ""wave_dt"": ""2026-04-12 03:00:00"", ""allocated_passengers"": 4}, {""store_id"": 11147750, ""store_name"": ""Hardees - Al Fahaheel"", ""latitude"": 29.078125, ""longitude"": 48.135481, ""cluster_id"": 0, ""wave_dt"": ""2026-04-12 03:00:00"", ""allocated_passengers"": 1}, {""store_id"": 11228180, ""store_name"": ""BR - Kout Mall"", ""latitude"": 29.07780655, ""longitude"": 48.13879906, ""cluster_id"": 0, ""wave_dt"": ""2026-04-12 03:00:00"", ""allocated_passengers"": 1}, {""store_id"": 11127460, ""store_name"": ""KFC - Al Ahmadi"", ""latitude"": 29.0806, ""longitude"": 48.067, ""cluster_id"": 0, ""wave_dt"": ""2026-04-12 03:00:00"", ""allocated_passengers"": 2}, {""store_id"": 11147460, ""store_name"": ""Hardees - Al Ahmadi"", ""latitude"": 29.080435, ""longitude"": 48.066938, ""cluster_id"": 0, ""wave_dt"": ""2026-04-12 03:00:00"", ""allocated_passengers"": 2}, {""store_id"": 11118400, ""store_name"": ""Wimpy - Divonne Complex"", ""latitude"": 29.21383204, ""longitude"": 48.10389363, ""cluster_id"": 3, ""wave_dt"": ""2026-04-12 03:00:00"", ""allocated_passengers"": 1}]",False,morning
NEW_0012,OUT,OUT,2026-04-12,0,2026-04-12 03:00:00,2026-04-12 03:00,2026-04-12 03:00:00,2026-04-12 04:40:00,2026-04-12 04:30:00,2026-04-12 08:23:23.400,233.39,128.814,6,12,12,54.55,KFC - Alreqa -> KFC - S Al Salem -> Hardees - Sabah Al Salem -> Krispy Kreme - Sabah Al Salem -> Hardees - Sabah Al Salem Block -> Tikka - Fahaheel DK,KFC - Alreqa (2) | KFC - S Al Salem (3) | Hardees - Sabah Al Salem (3) | Krispy Kreme - Sabah Al Salem (1) | Hardees - Sabah Al Salem Block (2) | Tikka - Fahaheel DK (1),"[{""store_id"": 11127730, ""store_name"": ""KFC - Alreqa"", ""latitude"": 29.1431, ""longitude"": 48.1019, ""cluster_id"": 0, ""wave_dt"": ""2026-04-12 04:00:00"", ""allocated_passengers"": 2}, {""store_id"": 11127830, ""store_name"": ""KFC - S Al Salem"", ""latitude"": 29.2496, ""longitude"": 48.0664, ""cluster_id"": 3, ""wave_dt"": ""2026-04-12 03:00:00"", ""allocated_passengers"": 3}, {""store_id"": 11147830, ""store_name"": ""Hardees - Sabah Al Salem"", ""latitude"": 29.256562, ""longitude"": 48.052294, ""cluster_id"": 3, ""wave_dt"": ""2026-04-12 03:00:00"", ""allocated_passengers"": 3}, {""store_id"": 11198820, ""store_name"": ""Krispy Kreme - Sabah Al Salem"", ""latitude"": 29.2658215, ""longitude"": 48.07883898, ""cluster_id"": 3, ""wave_dt"": ""2026-04-12 03:00:00"", ""allocated_passengers"": 1}, {""store_id"": 11148490, ""store_name"": ""Hardees - Sabah Al Salem Block"", ""latitude"": 29.26592249, ""longitude"": 48.07889889, ""cluster_id"": 3, ""wave_dt"": ""2026-04-12 03:00:00"", ""allocated_passengers"": 2}, {""store_id"": 11137130, ""store_name"": ""Tikka - Fahaheel DK"", ""latitude"": 29.352062, ""longitude"": 47.66496348, ""cluster_id"": 2, ""wave_dt"": ""2026-04-12 03:00:00"", ""allocated_passengers"": 1}]",False,morning
NEW_0013,OUT,OUT,2026-04-12,5,2026-04-12 03:00:00,2026-04-12 03:00,2026-04-12 03:00:00,2026-04-12 04:40:00,2026-04-12 04:30:00,2026-04-12 08:42:03.600,252.06,140.638,6,11,11,50.0,KFC - Om El Himan -> Krispy Kreme - Khiran Square M -> BR - Khiran Outlet -> Krispy Kreme - Khiran Hybrid O -> Hardees - Khiran Hybrid Outlet -> Hardees - Khairan,KFC - Om El Himan (5) | Krispy Kreme - Khiran Square M (1) | BR - Khiran Outlet (1) | Krispy Kreme - Khiran Hybrid O (1) | Hardees - Khiran Hybrid Outlet (2) | Hardees - Khairan (1),"[{""store_id"": 11127470, ""store_name"": ""KFC - Om El Himan"", ""latitude"": 28.962943, ""longitude"": 48.161436, ""cluster_id"": 5, ""wave_dt"": ""2026-04-12 04:00:00"", ""allocated_passengers"": 5}, {""store_id"": 11198760, ""store_name"": ""Krispy Kreme - Khiran Square M"", ""latitude"": 28.67847697, ""longitude"": 48.33250624, ""cluster_id"": 4, ""wave_dt"": ""2026-04-12 03:00:00"", ""allocated_passengers"": 1}, {""store_id"": 11228040, ""store_name"": ""BR - Khiran Outlet"", ""latitude"": 28.67152384, ""longitude"": 48.34630157, ""cluster_id"": 4, ""wave_dt"": ""2026-04-12 03:00:00"", ""allocated_passengers"": 1}, {""store_id"": 11198790, ""store_name"": ""Krispy Kreme - Khiran Hybrid O"", ""latitude"": 28.67190978, ""longitude"": 48.3466288, ""cluster_id"": 4, ""wave_dt"": ""2026-04-12 03:00:00"", ""allocated_passengers"": 1}, {""store_id"": 11148460, ""store_name"": ""Hardees - Khiran Hybrid Outlet"", ""latitude"": 28.6719945, ""longitude"": 48.34673608, ""cluster_id"": 4, ""wave_dt"": ""2026-04-12 03:00:00"", ""allocated_passengers"": 2}, {""store_id"": 11148140, ""store_name"": ""Hardees - Khairan"", ""latitude"": 28.66311, ""longitude"": 48.365472, ""cluster_id"": 4, ""wave_dt"": ""2026-04-12 03:00:00"", ""allocated_passengers"": 1}]",False,morning
NEW_0018,OUT,OUT,2026-04-12,3,2026-04-12 05:00:00,2026-04-12 05:00,2026-04-12 05:00:00,2026-04-12 05:40:00,2026-04-12 05:00:00,2026-04-12 06:12:43.200,72.72,27.057,6,22,22,100.0,BR - Al Fintas -> KFC - Loft Fintas -> KFC - Augiela 2 -> Hardees - Augiela 2 -> KFC - Al Zahr -> KFC - Village,BR - Al Fintas (1) | KFC - Loft Fintas (4) | KFC - Augiela 2 (5) | Hardees - Augiela 2 (4) | KFC - Al Zahr (4) | KFC - Village (4),"[{""store_id"": 11227780, ""store_name"": ""BR - Al Fintas"", ""latitude"": 29.171373, ""longitude"": 48.120228, ""cluster_id"": 3, ""wave_dt"": ""2026-04-12 05:00:00"", ""allocated_passengers"": 1}, {""store_id"": 11128570, ""store_name"": ""KFC - Loft Fintas"", ""latitude"": 29.18125495, ""longitude"": 48.11705636, ""cluster_id"": 3, ""wave_dt"": ""2026-04-12 05:00:00"", ""allocated_passengers"": 4}, {""store_id"": 11128270, ""store_name"": ""KFC - Augiela 2"", ""latitude"": 29.172702, ""longitude"": 48.095099, ""cluster_id"": 3, ""wave_dt"": ""2026-04-12 05:00:00"", ""allocated_passengers"": 5}, {""store_id"": 11148270, ""store_name"": ""Hardees - Augiela 2"", ""latitude"": 29.172656, ""longitude"": 48.094883, ""cluster_id"": 3, ""wave_dt"": ""2026-04-12 05:00:00"", ""allocated_passengers"": 4}, {""store_id"": 11127770, ""store_name"": ""KFC - Al Zahr"", ""latitude"": 29.168629, ""longitude"": 48.063945, ""cluster_id"": 3, ""wave_dt"": ""2026-04-12 05:00:00"", ""allocated_passengers"": 4}, {""store_id"": 11128200, ""store_name"": ""KFC - Village"", ""latitude"": 29.212059, ""longitude"": 48.10428, ""cluster_id"": 3, ""wave_dt"": ""2026-04-12 05:00:00"", ""allocated_passengers"": 4}]",False,morning
NEW_0019,OUT,OUT,2026-04-12,0,2026-04-12 05:00:00,2026-04-12 05:00,2026-04-12 05:00:00,2026-04-12 05:40:00,2026-04-12 05:00:00,2026-04-12 06:02:01.200,62.02,20.281,6,19,19,86.36,Hardees - Al Sbahiya -> KFC - Mangaf 2 -> Hardees - Al Mangaf -> KFC - Al Mangaf -> KFC - Fahaheel -> Hardees - Al Fahaheel,Hardees - Al Sbahiya (4) | KFC - Mangaf 2 (4) | Hardees - Al Mangaf (4) | KFC - Al Mangaf (1) | KFC - Fahaheel (5) | Hardees - Al Fahaheel (1),"[{""store_id"": 11147740, ""store_name"": ""Hardees - Al Sbahiya"", ""latitude"": 29.109567, ""longitude"": 48.108588, ""cluster_id"": 0, ""wave_dt"": ""2026-04-12 05:00:00"", ""allocated_passengers"": 4}, {""store_id"": 11128400, ""store_name"": ""KFC - Mangaf 2"", ""latitude"": 29.10458661, ""longitude"": 48.12479592, ""cluster_id"": 0, ""wave_dt"": ""2026-04-12 05:00:00"", ""allocated_passengers"": 4}, {""store_id"": 11147960, ""store_name"": ""Hardees - Al Mangaf"", ""latitude"": 29.098987, ""longitude"": 48.131574, ""cluster_id"": 0, ""wave_dt"": ""2026-04-12 05:00:00"", ""allocated_passengers"": 4}, {""store_id"": 11127960, ""store_name"": ""KFC - Al Mangaf"", ""latitude"": 29.099227, ""longitude"": 48.134147, ""cluster_id"": 0, ""wave_dt"": ""2026-04-12 05:00:00"", ""allocated_passengers"": 1}, {""store_id"": 11127750, ""store_name"": ""KFC - Fahaheel"", ""latitude"": 29.0782, ""longitude"": 48.1354, ""cluster_id"": 0, ""wave_dt"": ""2026-04-12 05:00:00"", ""allocated_passengers"": 5}, {""store_id"": 11147750, ""store_name"": ""Hardees - Al Fahaheel"", ""latitude"": 29.078125, ""longitude"": 48.135481, ""cluster_id"": 0, ""wave_dt"": ""2026-04-12 05:00:00"", ""allocated_passengers"": 1}]",False,morning
NEW_0014,OUT,OUT,2026-04-12,0,2026-04-12 04:00:00,2026-04-12 04:00,2026-04-12 04:00:00,2026-04-12 05:40:00,2026-04-12 05:15:00,2026-04-12 05:54:01.800,39.03,5.72,6,21,21,95.45,KFC - Alreqa -> BR - Reqa -> BR - Fahd El Ahmed -> KFC - Fahd Al Ahmad -> KFC - Fahd Al Ahmad -> Hardees - Fahd El Ahmed,KFC - Alreqa (7) | BR - Reqa (1) | BR - Fahd El Ahmed (2) | KFC - Fahd Al Ahmad (2) | KFC - Fahd Al Ahmad (4) | Hardees - Fahd El Ahmed (5),"[{""store_id"": 11127730, ""store_name"": ""KFC - Alreqa"", ""latitude"": 29.1431, ""longitude"": 48.1019, ""cluster_id"": 0, ""wave_dt"": ""2026-04-12 05:00:00"", ""allocated_passengers"": 7}, {""store_id"": 11227730, ""store_name"": ""BR - Reqa"", ""latitude"": 29.14461, ""longitude"": 48.1009, ""cluster_id"": 0, ""wave_dt"": ""2026-04-12 05:00:00"", ""allocated_passengers"": 1}, {""store_id"": 11227930, ""store_name"": ""BR - Fahd El Ahmed"", ""latitude"": 29.134477, ""longitude"": 48.107599, ""cluster_id"": 0, ""wave_dt"": ""2026-04-12 05:00:00"", ""allocated_passengers"": 2}, {""store_id"": 11127930, ""store_name"": ""KFC - Fahd Al Ahmad"", ""latitude"": 29.134423, ""longitude"": 48.107656, ""cluster_id"": 0, ""wave_dt"": ""2026-04-12 04:00:00"", ""allocated_passengers"": 2}, {""store_id"": 11127930, ""store_name"": ""KFC - Fahd Al Ahmad"", ""latitude"": 29.134423, ""longitude"": 48.107656, ""cluster_id"": 0, ""wave_dt"": ""2026-04-12 05:00:00"", ""allocated_passengers"": 4}, {""store_id"": 11147930, ""store_name"": ""Hardees - Fahd El Ahmed"", ""latitude"": 29.134419, ""longitude"": 48.107682, ""cluster_id"": 0, ""wave_dt"": ""2026-04-12 05:00:00"", ""allocated_passengers"": 5}]",False,morning
NEW_0015,OUT,OUT,2026-04-12,0,2026-04-12 05:00:00,2026-04-12 05:00,2026-04-12 05:00:00,2026-04-12 05:40:00,2026-04-12 05:30:00,2026-04-12 08:36:15.600,186.26,102.132,5,22,22,100.0,Hardees - Al Ahmadi -> Hardees - Om El Himan -> KFC - Om El Himan -> KFC - Sabah Al Ahmad 2 -> Hardees - Sabah Al Ahmed,Hardees - Al Ahmadi (2) | Hardees - Om El Himan (4) | KFC - Om El Himan (3) | KFC - Sabah Al Ahmad 2 (9) | Hardees - Sabah Al Ahmed (4),"[{""store_id"": 11147460, ""store_name"": ""Hardees - Al Ahmadi"", ""latitude"": 29.080435, ""longitude"": 48.066938, ""cluster_id"": 0, ""wave_dt"": ""2026-04-12 05:00:00"", ""allocated_passengers"": 2}, {""store_id"": 11147470, ""store_name"": ""Hardees - Om El Himan"", ""latitude"": 28.963033, ""longitude"": 48.16152, ""cluster_id"": 5, ""wave_dt"": ""2026-04-12 05:00:00"", ""allocated_passengers"": 4}, {""store_id"": 11127470, ""store_name"": ""KFC - Om El Himan"", ""latitude"": 28.962943, ""longitude"": 48.161436, ""cluster_id"": 5, ""wave_dt"": ""2026-04-12 05:00:00"", ""allocated_passengers"": 3}, {""store_id"": 11128370, ""store_name"": ""KFC - Sabah Al Ahmad 2"", ""latitude"": 28.79203867, ""longitude"": 48.05321903, ""cluster_id"": 1, ""wave_dt"": ""2026-04-12 05:00:00"", ""allocated_passengers"": 9}, {""store_id"": 11148410, ""store_name"": ""Hardees - Sabah Al Ahmed"", ""latitude"": 28.792, ""longitude"": 48.053, ""cluster_id"": 1, ""wave_dt"": ""2026-04-12 05:00:00"", ""allocated_passengers"": 4}]",False,morning
NEW_0016,OUT,OUT,2026-04-12,3,2026-04-12 05:00:00,2026-04-12 05:00,2026-04-12 05:00:00,2026-04-12 05:40:00,2026-04-12 05:30:00,2026-04-12 06:35:06.600,65.11,25.404,5,22,22,100.0,KFC Mubarek El-Kaber(Qurain 2) -> Hardees - Al Qureen 2 -> KFC - Qureen -> KFC - Aswaq Al Qurain -> Hardees - Qurain Markets,KFC Mubarek El-Kaber(Qurain 2) (5) | Hardees - Al Qureen 2 (2) | KFC - Qureen (5) | KFC - Aswaq Al Qurain (8) | Hardees - Qurain Markets (2),"[{""store_id"": 11127870, ""store_name"": ""KFC Mubarek El-Kaber(Qurain 2)"", ""latitude"": 29.1886, ""longitude"": 48.0798, ""cluster_id"": 3, ""wave_dt"": ""2026-04-12 05:00:00"", ""allocated_passengers"": 5}, {""store_id"": 11147870, ""store_name"": ""Hardees - Al Qureen 2"", ""latitude"": 29.204344, ""longitude"": 48.077731, ""cluster_id"": 3, ""wave_dt"": ""2026-04-12 05:00:00"", ""allocated_passengers"": 2}, {""store_id"": 11127850, ""store_name"": ""KFC - Qureen"", ""latitude"": 29.2155, ""longitude"": 48.0742, ""cluster_id"": 3, ""wave_dt"": ""2026-04-12 05:00:00"", ""allocated_passengers"": 5}, {""store_id"": 11128440, ""store_name"": ""KFC - Aswaq Al Qurain"", ""latitude"": 29.19730724, ""longitude"": 48.05377481, ""cluster_id"": 3, ""wave_dt"": ""2026-04-12 05:00:00"", ""allocated_passengers"": 8}, {""store_id"": 11148480, ""store_name"": ""Hardees - Qurain Markets"", ""latitude"": 29.1973848, ""longitude"": 48.04665118, ""cluster_id"": 3, ""wave_dt"": ""2026-04-12 05:00:00"", ""allocated_passengers"": 2}]",False,morning
NEW_0017,OUT,OUT,2026-04-12,3,2026-04-12 05:00:00,2026-04-12 05:00,2026-04-12 05:00:00,2026-04-12 05:40:00,2026-04-12 05:30:00,2026-04-12 06:51:37.200,81.62,32.69,6,22,22,100.0,KFC - Adan -> Hardees - Adan -> Hardees - Al Qureen -> BR - Qurain 3 -> KFC - S Al Salem -> KFC - Sabah Al Salem 2,KFC - Adan (5) | Hardees - Adan (2) | Hardees - Al Qureen (2) | BR - Qurain 3 (3) | KFC - S Al Salem (5) | KFC - Sabah Al Salem 2 (5),"[{""store_id"": 11128020, ""store_name"": ""KFC - Adan"", ""latitude"": 29.235456, ""longitude"": 48.079627, ""cluster_id"": 3, ""wave_dt"": ""2026-04-12 05:00:00"", ""allocated_passengers"": 5}, {""store_id"": 11148020, ""store_name"": ""Hardees - Adan"", ""latitude"": 29.235634, ""longitude"": 48.079666, ""cluster_id"": 3, ""wave_dt"": ""2026-04-12 05:00:00"", ""allocated_passengers"": 2}, {""store_id"": 11147850, ""store_name"": ""Hardees - Al Qureen"", ""latitude"": 29.236563, ""longitude"": 48.064671, ""cluster_id"": 3, ""wave_dt"": ""2026-04-12 05:00:00"", ""allocated_passengers"": 2}, {""store_id"": 11227870, ""store_name"": ""BR - Qurain 3"", ""latitude"": 29.23658, ""longitude"": 48.06314, ""cluster_id"": 3, ""wave_dt"": ""2026-04-12 05:00:00"", ""allocated_passengers"": 3}, {""store_id"": 11127830, ""store_name"": ""KFC - S Al Salem"", ""latitude"": 29.2496, ""longitude"": 48.0664, ""cluster_id"": 3, ""wave_dt"": ""2026-04-12 05:00:00"", ""allocated_passengers"": 5}, {""store_id"": 11128430, ""store_name"": ""KFC - Sabah Al Salem 2"", ""latitude"": 29.25425606, ""longitude"": 48.08093256, ""cluster_id"": 3, ""wave_dt"": ""2026-04-12 05:00:00"", ""allocated_passengers"": 5}]",False,morning
NEW_0020,OUT,OUT,2026-04-12,0,2026-04-12 05:00:00,2026-04-12 05:00,2026-04-12 05:00:00,2026-04-12 05:40:00,2026-04-12 05:30:00,2026-04-12 07:08:36.000,98.6,43.448,6,15,15,68.18,KFC - Al Mahboola -> Hardees - Al Fintas -> Hardees - Village -> KFC - Qureen -> KFC - Al Ahmadi -> Hardees - Al Ahmadi,KFC - Al Mahboola (4) | Hardees - Al Fintas (2) | Hardees - Village (3) | KFC - Qureen (1) | KFC - Al Ahmadi (4) | Hardees - Al Ahmadi (1),"[{""store_id"": 11127780, ""store_name"": ""KFC - Al Mahboola"", ""latitude"": 29.137847, ""longitude"": 48.124191, ""cluster_id"": 0, ""wave_dt"": ""2026-04-12 05:00:00"", ""allocated_passengers"": 4}, {""store_id"": 11147780, ""store_name"": ""Hardees - Al Fintas"", ""latitude"": 29.143241, ""longitude"": 48.129412, ""cluster_id"": 0, ""wave_dt"": ""2026-04-12 05:00:00"", ""allocated_passengers"": 2}, {""store_id"": 11148160, ""store_name"": ""Hardees - Village"", ""latitude"": 29.21224, ""longitude"": 48.104247, ""cluster_id"": 3, ""wave_dt"": ""2026-04-12 05:00:00"", ""allocated_passengers"": 3}, {""store_id"": 11127850, ""store_name"": ""KFC - Qureen"", ""latitude"": 29.2155, ""longitude"": 48.0742, ""cluster_id"": 3, ""wave_dt"": ""2026-04-12 05:00:00"", ""allocated_passengers"": 1}, {""store_id"": 11127460, ""store_name"": ""KFC - Al Ahmadi"", ""latitude"": 29.0806, ""longitude"": 48.067, ""cluster_id"": 0, ""wave_dt"": ""2026-04-12 05:00:00"", ""allocated_passengers"": 4}, {""store_id"": 11147460, ""store_name"": ""Hardees - Al Ahmadi"", ""latitude"": 29.080435, ""longitude"": 48.066938, ""cluster_id"": 0, ""wave_dt"": ""2026-04-12 05:00:00"", ""allocated_passengers"": 1}]",False,morning
NEW_0021,OUT,OUT,2026-04-12,3,2026-04-12 05:00:00,2026-04-12 05:00,2026-04-12 05:00:00,2026-04-12 06:40:00,2026-04-12 06:30:00,2026-04-12 07:56:48.000,86.8,35.976,6,12,12,54.55,Hardees - Village -> BR - Divonne -> Wimpy - Divonne Complex -> BR - Sabah Al Salem Block 1 -> Hardees - Sabah Al Salem Block -> Hardees - Sabah Al Salem,Hardees - Village (1) | BR - Divonne (1) | Wimpy - Divonne Complex (4) | BR - Sabah Al Salem Block 1 (2) | Hardees - Sabah Al Salem Block (2) | Hardees - Sabah Al Salem (2),"[{""store_id"": 11148160, ""store_name"": ""Hardees - Village"", ""latitude"": 29.21224, ""longitude"": 48.104247, ""cluster_id"": 3, ""wave_dt"": ""2026-04-12 06:00:00"", ""allocated_passengers"": 1}, {""store_id"": 11228250, ""store_name"": ""BR - Divonne"", ""latitude"": 29.21344391, ""longitude"": 48.10409851, ""cluster_id"": 3, ""wave_dt"": ""2026-04-12 05:00:00"", ""allocated_passengers"": 1}, {""store_id"": 11118400, ""store_name"": ""Wimpy - Divonne Complex"", ""latitude"": 29.21383204, ""longitude"": 48.10389363, ""cluster_id"": 3, ""wave_dt"": ""2026-04-12 05:00:00"", ""allocated_passengers"": 4}, {""store_id"": 11228270, ""store_name"": ""BR - Sabah Al Salem Block 1"", ""latitude"": 29.26586595, ""longitude"": 48.07895968, ""cluster_id"": 3, ""wave_dt"": ""2026-04-12 05:00:00"", ""allocated_passengers"": 2}, {""store_id"": 11148490, ""store_name"": ""Hardees - Sabah Al Salem Block"", ""latitude"": 29.26592249, ""longitude"": 48.07889889, ""cluster_id"": 3, ""wave_dt"": ""2026-04-12 05:00:00"", ""allocated_passengers"": 2}, {""store_id"": 11147830, ""store_name"": ""Hardees - Sabah Al Salem"", ""latitude"": 29.256562, ""longitude"": 48.052294, ""cluster_id"": 3, ""wave_dt"": ""2026-04-12 05:00:00"", ""allocated_passengers"": 2}]",False,morning
NEW_0022,OUT,OUT,2026-04-12,0,2026-04-12 05:00:00,2026-04-12 05:00,2026-04-12 05:00:00,2026-04-12 06:40:00,2026-04-12 06:30:00,2026-04-12 10:44:31.800,254.53,142.204,6,11,11,50.0,Hardees - Al Fintas -> Hardees - Fahd El Ahmed -> KFC - Fahd Al Ahmad -> KFC - Al Mangaf -> Hardees - Khairan -> Hardees - Khairan,Hardees - Al Fintas (2) | Hardees - Fahd El Ahmed (2) | KFC - Fahd Al Ahmad (3) | KFC - Al Mangaf (2) | Hardees - Khairan (1) | Hardees - Khairan (1),"[{""store_id"": 11147780, ""store_name"": ""Hardees - Al Fintas"", ""latitude"": 29.143241, ""longitude"": 48.129412, ""cluster_id"": 0, ""wave_dt"": ""2026-04-12 06:00:00"", ""allocated_passengers"": 2}, {""store_id"": 11147930, ""store_name"": ""Hardees - Fahd El Ahmed"", ""latitude"": 29.134419, ""longitude"": 48.107682, ""cluster_id"": 0, ""wave_dt"": ""2026-04-12 06:00:00"", ""allocated_passengers"": 2}, {""store_id"": 11127930, ""store_name"": ""KFC - Fahd Al Ahmad"", ""latitude"": 29.134423, ""longitude"": 48.107656, ""cluster_id"": 0, ""wave_dt"": ""2026-04-12 06:00:00"", ""allocated_passengers"": 3}, {""store_id"": 11127960, ""store_name"": ""KFC - Al Mangaf"", ""latitude"": 29.099227, ""longitude"": 48.134147, ""cluster_id"": 0, ""wave_dt"": ""2026-04-12 06:00:00"", ""allocated_passengers"": 2}, {""store_id"": 11148140, ""store_name"": ""Hardees - Khairan"", ""latitude"": 28.66311, ""longitude"": 48.365472, ""cluster_id"": 4, ""wave_dt"": ""2026-04-12 05:00:00"", ""allocated_passengers"": 1}, {""store_id"": 11148140, ""store_name"": ""Hardees - Khairan"", ""latitude"": 28.66311, ""longitude"": 48.365472, ""cluster_id"": 4, ""wave_dt"": ""2026-04-12 06:00:00"", ""allocated_passengers"": 1}]",False,morning
NEW_0023,OUT,OUT,2026-04-12,3,2026-04-12 06:00:00,2026-04-12 06:00,2026-04-12 06:00:00,2026-04-12 06:40:00,2026-04-12 06:30:00,2026-04-12 07:49:39.600,79.66,37.786,4,7,7,31.82,KFC - Al Zahr -> Hardees - Al Qureen -> Hardees - Adan -> Hardees - Sabah Al Salem Block,KFC - Al Zahr (3) | Hardees - Al Qureen (1) | Hardees - Adan (2) | Hardees - Sabah Al Salem Block (1),"[{""store_id"": 11127770, ""store_name"": ""KFC - Al Zahr"", ""latitude"": 29.168629, ""longitude"": 48.063945, ""cluster_id"": 3, ""wave_dt"": ""2026-04-12 06:00:00"", ""allocated_passengers"": 3}, {""store_id"": 11147850, ""store_name"": ""Hardees - Al Qureen"", ""latitude"": 29.236563, ""longitude"": 48.064671, ""cluster_id"": 3, ""wave_dt"": ""2026-04-12 06:00:00"", ""allocated_passengers"": 1}, {""store_id"": 11148020, ""store_name"": ""Hardees - Adan"", ""latitude"": 29.235634, ""longitude"": 48.079666, ""cluster_id"": 3, ""wave_dt"": ""2026-04-12 06:00:00"", ""allocated_passengers"": 2}, {""store_id"": 11148490, ""store_name"": ""Hardees - Sabah Al Salem Block"", ""latitude"": 29.26592249, ""longitude"": 48.07889889, ""cluster_id"": 3, ""wave_dt"": ""2026-04-12 06:00:00"", ""allocated_passengers"": 1}]",False,morning
NEW_0024,OUT,OUT,2026-04-12,3,2026-04-12 08:00:00,2026-04-12 08:00,2026-04-12 08:00:00,2026-04-12 09:40:00,2026-04-12 08:45:00,2026-04-12 09:37:58.200,52.97,24.046,3,4,4,18.18,KFC - Al Zahr -> Hardees - Al Qureen 2 -> Wimpy - Divonne Complex,KFC - Al Zahr (1) | Hardees - Al Qureen 2 (2) | Wimpy - Divonne Complex (1),"[{""store_id"": 11127770, ""store_name"": ""KFC - Al Zahr"", ""latitude"": 29.168629, ""longitude"": 48.063945, ""cluster_id"": 3, ""wave_dt"": ""2026-04-12 08:00:00"", ""allocated_passengers"": 1}, {""store_id"": 11147870, ""store_name"": ""Hardees - Al Qureen 2"", ""latitude"": 29.204344, ""longitude"": 48.077731, ""cluster_id"": 3, ""wave_dt"": ""2026-04-12 09:00:00"", ""allocated_passengers"": 2}, {""store_id"": 11118400, ""store_name"": ""Wimpy - Divonne Complex"", ""latitude"": 29.21383204, ""longitude"": 48.10389363, ""cluster_id"": 3, ""wave_dt"": ""2026-04-12 09:00:00"", ""allocated_passengers"": 1}]",False,morning
NEW_0025,OUT,OUT,2026-04-12,5,2026-04-12 17:00:00,2026-04-12 17:00,2026-04-12 17:00:00,2026-04-12 17:40:00,2026-04-12 17:00:00,2026-04-12 18:27:40.200,87.67,49.19,2,3,3,13.64,Hardees - Om El Himan -> KFC - Om El Himan,Hardees - Om El Himan (2) | KFC - Om El Himan (1),"[{""store_id"": 11147470, ""store_name"": ""Hardees - Om El Himan"", ""latitude"": 28.963033, ""longitude"": 48.16152, ""cluster_id"": 5, ""wave_dt"": ""2026-04-12 17:00:00"", ""allocated_passengers"": 2}, {""store_id"": 11127470, ""store_name"": ""KFC - Om El Himan"", ""latitude"": 28.962943, ""longitude"": 48.161436, ""cluster_id"": 5, ""wave_dt"": ""2026-04-12 17:00:00"", ""allocated_passengers"": 1}]",False,evening
NEW_0026,OUT,OUT,2026-04-12,1,2026-04-12 19:00:00,2026-04-12 19:00,2026-04-12 19:00:00,2026-04-12 19:40:00,2026-04-12 19:00:00,2026-04-12 21:33:46.200,153.77,94.223,1,1,1,4.55,KFC - Sabah Al Ahmad 2,KFC - Sabah Al Ahmad 2 (1),"[{""store_id"": 11128370, ""store_name"": ""KFC - Sabah Al Ahmad 2"", ""latitude"": 28.79203867, ""longitude"": 48.05321903, ""cluster_id"": 1, ""wave_dt"": ""2026-04-12 19:00:00"", ""allocated_passengers"": 1}]",False,evening
